Team Code	Game Code	Rush Att	Rush Yard	Rush TD	Pass Att	Pass Comp	Pass Yard	Pass TD	Pass Int
5	5012820130829	35	134	0	25	18	116	1	1
5	317000520130907	25	69	1	32	20	287	4	1
5	5041820130914	30	107	0	49	25	311	2	2
5	671000520130921	27	134	1	43	27	321	3	2
5	5007120130928	25	97	1	37	22	199	1	0
5	519000520131005	39	56	0	26	11	101	0	1
5	5050320131012	36	110	2	56	24	262	1	1
5	5041420131019	39	147	3	32	23	227	0	0
5	47000520131026	44	226	2	35	17	211	1	2
5	331000520131102	47	173	0	21	9	131	1	0
5	5040020131116	36	133	1	33	20	208	1	0
5	709000520131129	35	85	1	30	18	259	3	0
8	8074220130831	38	96	1	24	10	110	1	1
8	8069720130914	37	234	2	29	20	334	4	0
8	156000820130921	21	66	1	27	21	272	2	1
8	433000820130928	40	254	2	32	25	180	0	1
8	254000820131005	30	181	1	34	29	296	5	0
8	8033420131012	44	299	5	36	22	369	1	0
8	31000820131019	37	352	4	24	15	180	3	0
8	694000820131026	37	204	3	28	19	275	2	0
8	365000820131109	42	193	2	20	14	179	3	0
8	8043020131116	33	196	0	32	18	187	2	2
8	693000820131123	32	251	4	20	15	184	2	0
8	8003720131130	35	218	1	29	17	277	3	0
8	522000820140102	35	129	2	30	19	387	2	2
9	9071620130831	30	108	0	35	21	339	3	0
9	9036520130907	43	160	1	25	9	136	1	0
9	508000920130921	34	242	3	27	13	212	3	1
9	9073620130928	29	156	0	36	19	206	2	2
9	229000920131005	25	51	0	33	18	256	2	0
9	9023120131012	41	217	2	30	19	188	1	0
9	9070620131026	34	189	2	43	23	317	2	2
9	419000920131102	56	299	1	9	6	57	1	1
9	9038820131109	56	288	1	17	10	176	1	0
9	9019620131116	34	144	2	34	16	210	0	2
9	574000920131121	37	138	3	33	13	195	1	0
9	664000920131130	36	145	2	31	18	286	2	1
28	102002820130905	44	158	2	36	27	365	5	0
28	796002820130914	42	116	4	51	29	352	0	1
28	28067420130921	24	50	1	56	30	367	3	2
28	657002820130928	35	261	4	35	24	351	3	1
28	28051320131005	25	65	0	47	33	362	3	2
28	157002820131012	58	276	4	22	11	256	2	0
28	756002820131019	51	314	4	42	26	271	2	1
28	28075420131031	57	282	2	31	22	275	5	1
28	28073220131109	39	149	2	31	19	144	1	0
28	528002820131116	39	156	3	37	22	183	0	2
28	28011020131123	50	223	3	27	20	225	1	0
28	29002820131130	52	204	4	25	13	274	2	1
28	674002820131207	43	138	1	25	17	173	1	0
28	28070020131230	49	287	2	29	16	125	0	1
29	501002920130830	34	306	3	13	9	87	1	0
29	29046520130907	69	397	5	21	8	81	0	0
29	706002920130914	48	264	4	21	14	158	1	0
29	29075620130928	49	199	2	37	14	119	0	2
29	29065720131010	33	145	0	44	28	363	4	0
29	732002920131019	58	300	3	30	18	168	1	0
29	29015720131026	50	405	4	32	21	265	1	1
29	29010720131102	51	187	3	38	24	261	1	0
29	110002920131109	47	239	1	33	20	186	2	1
29	754002920131116	45	195	1	38	26	200	1	0
29	529002920131123	65	304	4	22	19	178	2	0
29	29002820131130	49	249	3	30	15	175	0	3
29	29006720131231	49	254	3	24	17	275	2	0
30	2678003020130831	57	509	8	13	10	163	1	0
30	30003720130907	39	150	0	41	29	272	0	0
30	716003020130912	43	228	5	35	21	311	1	0
30	30040420130921	31	74	0	39	22	181	1	1
30	30043420130928	41	117	0	47	37	318	1	1
30	295003020131012	45	190	1	32	22	375	4	1
30	671003020131022	25	79	1	21	11	89	0	1
30	30064620131102	47	189	2	25	21	160	0	0
30	30049820131109	58	259	5	23	16	235	1	0
30	670003020131116	57	328	4	18	14	96	1	1
30	254003020131123	45	138	1	19	14	152	2	0
30	30077220131130	53	223	3	28	19	134	1	1
30	30004720140105	39	202	1	26	18	129	1	1
31	671003120130831	51	292	1	23	15	230	3	0
31	625003120130907	53	333	2	17	9	125	2	0
31	664003120130914	56	258	3	11	6	69	0	1
31	31058720130921	34	101	0	28	16	182	2	0
31	697003120130928	30	201	1	36	17	282	3	2
31	31023520131005	29	111	1	43	17	164	0	1
31	648003120131012	24	218	1	13	4	30	0	1
31	31000820131019	39	165	0	25	7	91	0	2
31	37003120131102	47	222	1	27	12	124	1	1
31	31043320131109	34	196	1	32	18	193	2	1
31	430003120131123	43	225	2	17	10	114	0	1
31	31036520131129	34	182	1	29	19	178	2	1
37	754003720130831	46	295	2	20	10	99	0	0
37	30003720130907	50	301	3	19	11	167	2	0
37	430003720130914	36	120	0	34	23	339	2	2
37	37036520130921	52	213	3	33	17	224	0	2
37	433003720131005	48	282	3	17	11	93	0	0
37	769003720131012	43	511	5	22	17	201	4	1
37	37069720131019	60	379	4	25	11	236	2	0
37	229003720131026	59	422	4	18	12	206	2	1
37	37003120131102	46	233	4	9	8	133	1	0
37	37069420131109	53	444	5	7	3	35	1	1
37	257003720131116	57	323	4	27	16	243	1	0
37	8003720131130	52	296	2	16	11	97	2	0
37	434003720131207	74	545	7	11	9	132	1	0
37	37023420140106	53	232	2	27	14	217	2	1
47	299004720130829	32	80	4	40	24	340	3	0
47	725004720130907	34	115	2	37	23	325	2	0
47	47049720130914	20	163	1	46	27	333	2	2
47	47020420130921	37	197	5	31	19	346	2	0
47	709004720130928	36	128	4	39	27	335	0	1
47	47074620131005	40	160	4	41	23	346	2	0
47	331004720131012	23	118	0	46	23	305	4	2
47	47077420131019	43	159	2	38	25	324	3	1
47	47000520131026	37	157	1	36	26	277	5	0
47	129004720131106	44	250	1	29	20	299	4	0
47	47050320131113	34	170	2	49	35	324	1	1
47	414004720131129	31	140	1	33	27	445	6	0
47	30004720140105	39	148	1	44	23	215	1	1
51	2915005120130831	44	281	5	28	23	411	3	0
51	86005120130907	55	329	6	25	19	452	3	0
51	498005120130921	41	311	3	36	25	470	5	1
51	768005120131005	62	468	8	33	20	396	2	3
51	51032720131012	37	114	2	21	12	332	3	0
51	311005120131019	53	291	5	39	29	423	2	0
51	51032820131026	44	306	5	38	21	437	3	0
51	522005120131107	54	255	2	26	13	204	3	0
51	700005120131116	57	340	5	31	17	335	3	0
51	51052120131123	36	94	0	48	28	359	2	0
51	51069820131130	52	164	1	38	19	206	2	1
51	703005120131207	54	221	1	38	21	287	2	0
51	128005120140101	38	194	4	47	30	356	2	1
66	66075620130831	42	171	0	46	29	175	0	1
66	695006620130907	49	220	3	32	20	252	5	0
66	721006620130913	41	229	5	31	29	304	1	1
66	66009620130920	53	200	4	47	33	361	1	1
66	664006620130928	52	229	5	27	23	316	3	0
66	66073120131012	40	112	2	45	30	335	2	3
66	466006620131019	46	407	5	21	18	150	0	1
66	66007720131025	44	214	1	46	29	285	1	1
66	66015620131102	31	132	1	27	19	305	5	0
66	811006620131116	53	241	3	39	29	283	3	1
66	66062620131123	34	95	1	36	21	202	2	2
66	473006620131130	40	172	2	25	17	260	4	0
66	66052820131224	38	156	1	44	32	382	1	0
67	739006720130831	40	128	1	30	23	285	2	0
67	749006720130906	46	191	1	14	7	123	2	1
67	67065720130914	26	101	1	24	11	83	0	0
67	234006720130928	45	200	0	28	18	197	4	2
67	725006720131005	41	320	5	13	11	203	1	0
67	67014720131012	39	94	1	21	13	192	1	1
67	67045720131026	38	202	1	22	11	59	0	0
67	742006720131102	42	196	2	14	11	93	1	0
67	67047220131109	35	320	2	25	17	230	3	0
67	490006720131116	53	420	4	15	8	53	0	0
67	67039220131123	40	254	2	15	6	120	1	1
67	67068820131130	33	191	2	19	11	168	2	1
67	29006720131231	45	145	2	28	17	206	0	2
71	719007120130829	53	233	3	28	12	163	0	1
71	71033120130907	46	219	3	25	19	357	2	0
71	71030620130914	36	136	0	51	28	273	0	1
71	454007120130921	42	282	4	32	28	378	3	1
71	5007120130928	44	167	2	24	18	229	2	0
71	400007120131005	43	232	1	22	13	216	3	0
71	71043020131012	29	160	2	34	20	224	0	0
71	709007120131026	36	135	3	26	17	208	0	0
71	71041420131105	41	189	2	30	21	258	3	1
71	519007120131112	41	207	4	20	13	253	3	1
71	71020420131123	46	296	3	26	13	264	3	1
71	71008620131129	48	260	2	26	11	230	1	1
71	71050320131206	40	181	1	27	21	393	5	0
71	545007120131226	34	10	0	33	21	279	2	0
77	77074620130831	53	187	1	40	13	175	1	1
77	703007720130907	72	550	4	27	9	129	0	1
77	732007720130921	47	183	1	48	18	260	0	1
77	419007720130927	55	309	4	19	14	177	0	1
77	77073120131004	50	160	0	32	17	278	3	1
77	255007720131012	42	189	3	27	19	244	1	0
77	77028820131019	71	264	2	44	29	417	4	3
77	66007720131025	50	229	1	41	27	339	3	0
77	77079620131109	39	163	0	42	19	207	2	1
77	294007720131116	46	421	5	23	12	157	2	3
77	77051320131123	47	247	0	36	21	168	1	1
77	77046620131130	45	394	2	18	14	98	2	0
77	77075620131227	47	180	1	50	25	293	0	1
86	86051820130831	35	73	0	32	19	185	2	1
86	86005120130907	49	83	1	26	15	280	1	1
86	683008620130914	36	133	2	48	28	216	1	1
86	164008620130928	43	153	1	21	10	177	3	1
86	204008620131005	45	228	4	24	15	224	1	0
86	86077420131012	56	290	1	23	12	132	3	0
86	400008620131019	48	215	1	27	18	167	1	0
86	86033120131026	39	206	4	31	20	285	2	0
86	519008620131105	42	252	2	23	13	169	2	1
86	86070920131112	30	104	2	59	36	497	4	0
86	86041420131119	53	311	2	37	23	206	2	1
86	71008620131129	24	15	1	45	21	221	0	1
86	86062620131221	38	113	0	31	13	196	3	1
96	587009620130829	23	81	2	73	52	456	5	1
96	90009620130907	40	162	0	34	23	208	3	0
96	66009620130920	24	62	1	60	39	460	4	0
96	96027720130928	45	206	3	47	33	324	2	2
96	96029520131005	50	309	3	51	38	422	5	2
96	465009620131019	39	206	1	51	35	435	4	1
96	96062620131026	19	43	2	57	35	298	2	0
96	466009620131102	33	160	2	55	39	487	3	0
96	96081120131109	42	234	3	47	34	366	4	0
96	473009620131123	42	284	3	41	29	538	7	0
96	96063020131129	16	127	1	51	38	519	6	1
96	731009620131207	34	56	0	53	36	404	3	2
96	96065720131221	6	37	0	55	30	217	2	1
107	509010720130831	35	93	0	64	39	455	3	3
107	550010720130907	44	131	2	51	33	485	2	0
107	518010720130914	37	132	1	53	31	371	3	1
107	107052920130928	51	149	1	45	21	176	1	1
107	754010720131005	29	79	0	62	34	506	2	2
107	107011020131012	37	105	1	43	26	215	0	1
107	528010720131019	30	75	0	47	32	291	2	2
107	107075620131026	29	131	1	59	34	352	1	0
107	29010720131102	26	130	0	56	34	289	4	2
107	657010720131109	43	190	1	53	37	293	3	0
107	107015720131116	34	197	3	52	26	214	0	1
107	107067420131123	31	73	0	35	19	310	1	1
110	466011020130831	47	345	5	35	24	302	2	0
110	110046320130914	53	210	2	25	16	294	3	1
110	472011020130921	45	298	5	49	35	394	3	2
110	110073220131003	53	186	2	28	18	218	2	1
110	107011020131012	34	78	1	41	31	410	3	0
110	110067420131019	27	74	0	39	24	192	1	2
110	110052920131026	52	219	1	19	13	64	1	2
110	157011020131102	33	139	4	24	19	273	2	0
110	110002920131109	49	249	2	26	18	227	2	0
110	756011020131115	53	222	4	23	14	184	2	0
110	28011020131123	41	151	2	26	18	253	2	1
110	110065720131130	43	188	5	27	18	208	0	0
110	742011020131231	36	197	3	30	17	250	2	0
128	5012820130829	39	157	2	27	19	319	3	0
128	128023120130906	38	165	4	21	14	225	1	0
128	128053920130914	38	219	1	27	20	288	3	1
128	648012820130928	25	69	1	37	25	358	2	3
128	128040420131005	30	110	2	36	17	160	0	0
128	128036720131018	32	196	3	33	21	250	2	1
128	164012820131026	38	176	3	35	26	351	5	1
128	288012820131109	45	188	2	24	17	210	0	1
128	128069020131116	36	253	0	40	27	404	4	0
128	587012820131121	44	118	4	31	22	334	1	0
128	651012820131129	30	77	0	27	17	219	2	2
128	128066320131207	32	96	2	35	24	242	0	0
128	128005120140101	44	255	4	31	20	301	3	2
129	129041820130831	29	66	0	28	13	144	0	1
129	469012920130907	28	104	0	37	21	333	3	1
129	129046520130914	32	113	2	46	23	265	1	2
129	709012920130921	41	156	1	24	14	214	1	2
129	129049020130928	26	94	1	37	16	165	1	3
129	129041420131005	41	184	3	21	11	110	0	1
129	129051920131012	44	208	0	29	20	224	3	1
129	503012920131019	30	75	0	32	16	271	2	1
129	129004720131106	27	113	2	32	20	284	1	1
129	129077420131116	37	118	2	25	16	167	1	3
129	400012920131123	36	67	1	21	13	231	2	0
129	204012920131129	39	295	4	14	9	92	0	1
140	559014020130831	47	221	4	25	17	204	1	2
140	140030120130907	32	148	1	42	23	308	1	1
140	508014020130914	46	322	4	21	19	347	5	0
140	140041420130921	52	198	2	37	23	171	0	2
140	140065120131005	33	110	0	36	24	240	3	2
140	690014020131011	42	205	3	37	31	270	2	0
140	164014020131019	36	137	1	30	21	388	5	1
140	140040420131030	41	108	4	37	29	329	1	1
140	663014020131109	45	163	2	32	27	299	2	2
140	140058720131116	28	112	1	43	28	507	6	1
140	140028820131123	40	172	1	51	30	401	2	2
140	367014020131205	39	124	3	41	22	304	0	2
140	140045720131228	36	168	2	36	16	181	0	1
147	257014720130831	46	197	2	30	18	270	3	0
147	647014720130907	44	183	2	51	36	329	3	0
147	147049020130919	40	171	0	37	24	244	3	0
147	749014720130928	47	166	4	36	28	407	4	0
147	147068820131005	45	158	2	32	23	466	5	2
147	67014720131012	37	162	1	45	30	334	1	0
147	234014720131019	41	123	1	45	22	203	1	2
147	147039220131026	57	247	3	41	28	304	1	1
147	147074620131102	43	175	5	45	34	435	3	1
147	255014720131114	37	168	3	30	23	383	4	1
147	141014720131123	43	208	0	32	24	350	6	0
147	147064820131130	29	127	2	28	19	225	0	3
147	147051820140103	36	198	1	40	31	378	5	2
156	157015620130901	28	94	2	39	22	201	0	0
156	156071920130907	35	178	1	29	12	108	2	2
156	90015620130914	46	236	2	30	21	297	2	0
156	156000820130921	26	51	0	38	24	228	0	0
156	704015620130928	34	250	4	29	18	341	4	0
156	630015620131012	27	137	0	34	19	310	3	2
156	156081120131019	54	290	4	23	18	219	3	1
156	156027720131026	49	231	3	26	15	177	1	1
156	66015620131102	56	229	3	53	36	397	1	1
156	466015620131109	37	331	4	27	20	239	0	1
156	156047320131116	49	347	6	28	20	302	3	0
156	156073120131123	34	38	0	39	16	147	0	2
156	721015620131130	49	234	5	34	26	395	3	0
156	754015620131221	46	226	3	51	31	369	2	1
157	157015620130901	37	109	0	46	33	400	3	0
157	1004015720130907	34	84	0	36	23	341	3	2
157	157052820130928	35	154	0	34	14	146	2	2
157	529015720131005	36	94	0	34	12	280	1	2
157	157002820131012	35	99	1	30	18	169	1	3
157	48015720131019	31	218	5	21	15	198	1	0
157	29015720131026	42	137	1	33	17	212	1	1
157	157011020131102	40	134	1	36	25	247	1	0
157	157075620131109	37	128	0	25	14	171	1	2
157	107015720131116	38	121	1	36	23	364	3	1
157	657015720131123	31	124	1	33	17	188	2	1
157	157073220131130	25	48	0	47	24	273	2	1
164	711016420130829	27	81	0	28	16	206	2	1
164	392016420130914	34	25	1	45	29	349	1	2
164	418016420130921	25	47	0	32	16	159	2	1
164	164008620130928	39	27	1	29	12	193	0	3
164	651016420131012	37	207	1	43	15	149	0	0
164	164014020131019	32	56	1	42	24	321	0	3
164	164012820131026	30	91	1	32	14	142	1	2
164	367016420131108	33	58	0	38	20	179	1	3
164	164066320131116	34	158	1	43	25	227	2	2
164	164069020131123	41	124	2	19	8	111	1	1
164	587016420131130	29	61	2	33	25	311	2	0
164	404016420131207	26	75	2	55	37	463	4	0
193	489019320130831	49	257	3	28	21	231	2	1
193	193040420130907	45	173	2	37	25	297	2	1
193	255019320130914	34	132	2	28	15	122	0	0
193	545019320130921	36	213	3	33	22	319	4	4
193	716019320130928	39	190	2	28	20	324	3	1
193	726019320131012	37	134	2	39	32	301	3	0
193	193074620131019	44	180	1	40	22	292	3	1
193	193074220131026	28	91	1	26	7	107	0	4
193	490019320131109	31	123	2	34	20	198	0	3
193	415019320131116	52	358	5	24	16	185	1	0
193	193074920131123	35	121	1	32	25	257	3	0
193	193045720131130	46	187	0	36	23	274	2	0
193	193023420131207	31	99	1	42	21	140	0	2
193	193069720131231	37	234	3	45	29	427	3	2
196	523019620130831	22	34	1	54	46	447	5	0
196	229019620130905	34	110	2	30	20	202	2	0
196	742019620130914	23	46	0	31	19	158	1	3
196	196045720130928	54	227	4	47	32	376	3	1
196	196041920131005	40	146	2	58	43	365	1	0
196	196071820131012	35	63	2	55	41	480	1	1
196	664019620131019	44	122	4	44	34	354	3	0
196	196023120131102	19	74	1	36	24	299	4	0
196	719019620131109	37	121	2	50	34	384	5	0
196	9019620131116	45	278	3	31	21	347	5	2
196	196049020131123	40	170	3	31	24	275	3	0
196	196038820131129	29	149	3	52	29	291	0	3
196	519019620131223	41	281	3	46	30	287	2	0
204	290020420130831	42	170	3	26	19	210	2	1
204	204053920130907	35	61	0	28	18	122	0	0
204	204058720130914	40	38	0	40	24	335	1	1
204	47020420130921	44	204	2	32	20	212	1	2
204	204008620131005	29	147	1	27	16	182	1	2
204	204072520131012	34	194	1	27	17	223	2	1
204	519020420131019	39	315	1	28	14	162	2	2
204	204050320131026	46	164	1	32	13	173	1	0
204	204070920131102	27	82	0	27	12	227	2	1
204	774020420131109	45	267	4	22	9	136	1	1
204	71020420131123	26	61	0	18	1	4	0	2
204	204012920131129	38	193	0	29	15	151	1	1
229	229041520130830	43	133	0	32	16	117	0	0
229	229019620130905	34	104	0	40	23	178	1	2
229	229065120130914	36	130	2	17	10	98	0	1
229	419022920130921	45	182	2	50	31	321	3	2
229	229057420130928	28	94	0	46	22	272	2	2
229	229000920131005	46	280	3	36	23	299	2	0
229	388022920131012	47	208	2	29	16	187	1	1
229	229003720131026	25	97	1	26	11	150	0	0
229	718022920131102	49	194	3	22	11	137	1	1
229	229066420131116	60	333	4	12	6	35	0	0
229	472022920131123	44	256	4	23	16	329	3	1
229	231022920131129	42	179	0	20	11	252	3	1
231	231039220130831	40	91	1	22	10	80	0	1
231	128023120130906	29	31	0	28	19	142	0	0
231	61023120130914	33	73	0	18	11	156	2	1
231	231036720130921	34	0	0	9	4	27	0	0
231	231066420131005	50	160	2	23	13	181	1	2
231	9023120131012	36	94	1	34	17	302	2	1
231	366023120131026	38	69	0	26	11	128	1	2
231	196023120131102	43	73	1	33	21	194	0	1
231	231041920131109	32	91	0	19	12	142	0	1
231	231070420131116	31	95	0	24	9	105	1	0
231	388023120131123	45	97	0	29	15	167	1	1
231	231022920131129	34	81	0	28	11	89	0	0
234	234054520130902	34	156	1	29	27	377	4	0
234	466023420130914	41	377	6	22	17	240	2	1
234	61023420130921	36	266	4	25	13	226	2	0
234	234006720130928	36	159	1	27	17	330	4	1
234	392023420131005	43	183	4	39	26	431	5	0
234	234014720131019	38	121	2	35	22	444	3	1
234	490023420131026	34	224	4	34	20	342	3	2
234	415023420131102	44	192	4	29	21	325	1	2
234	234074920131109	34	89	3	39	22	207	2	1
234	688023420131116	19	225	4	26	22	298	3	1
234	295023420131123	40	336	4	39	23	309	5	1
234	234023520131130	32	129	1	31	19	327	3	1
234	193023420131207	43	239	3	32	19	330	3	2
234	37023420140106	31	148	1	35	20	237	2	0
235	709023520130831	48	262	2	22	17	153	1	0
235	235041520130907	44	122	1	33	22	291	1	2
235	694023520130921	56	215	3	20	11	167	1	1
235	235033420130928	45	246	2	18	15	156	1	1
235	31023520131005	41	115	0	22	16	240	3	0
235	235036520131012	40	111	0	28	16	129	0	0
235	235043420131019	31	59	1	29	15	92	0	1
235	257023520131102	41	145	2	29	13	174	0	0
235	736023520131109	34	39	1	46	30	305	1	3
235	235064820131116	41	200	2	14	10	107	0	1
235	253023520131123	37	157	0	25	14	122	2	0
235	234023520131130	24	78	0	25	20	115	1	0
254	625025420130830	25	72	0	51	28	391	3	2
254	693025420130907	17	30	0	35	17	273	2	0
254	254076820130914	33	136	1	18	8	84	0	0
254	315025420130921	42	150	0	42	16	250	2	1
254	254000820131005	22	15	0	22	12	160	0	0
254	716025420131012	26	52	0	50	22	370	4	1
254	254067020131019	35	160	1	36	20	208	1	1
254	254049820131026	33	136	0	31	12	108	0	3
254	772025420131102	27	85	2	41	26	325	2	2
254	671025420131116	39	183	1	44	26	298	2	1
254	254003020131123	40	184	2	26	14	248	2	0
254	646025420131130	25	24	2	34	17	321	0	1
255	1068025520130831	50	368	6	11	7	189	2	0
255	255019320130914	60	344	1	16	8	125	4	1
255	457025520130921	71	324	3	12	7	104	1	0
255	742025520130926	42	129	1	24	7	144	0	2
255	255041520131005	62	335	4	19	6	66	0	2
255	255007720131012	52	237	1	24	11	163	1	1
255	688025520131019	67	394	7	5	3	88	1	1
255	255074620131026	52	394	5	9	5	113	0	2
255	545025520131102	53	276	3	10	5	84	0	0
255	255014720131114	45	248	4	26	15	192	0	1
255	6025520131123	52	428	8	6	2	48	0	0
255	257025520131130	58	263	2	24	11	232	2	2
255	433025520131230	49	151	1	17	5	147	1	1
257	257014720130831	41	222	5	29	20	323	0	1
257	648025720130907	53	227	1	23	17	309	4	0
257	497025720130921	43	191	3	31	23	450	3	1
257	365025720130928	36	196	1	34	20	298	4	1
257	257069420131005	37	238	1	35	19	196	3	0
257	434025720131012	31	164	0	45	25	290	3	2
257	257073620131019	35	107	2	28	16	114	0	1
257	257023520131102	35	156	1	26	16	258	1	0
257	27025720131109	30	127	3	42	30	441	3	2
257	257003720131116	25	117	3	49	33	415	2	1
257	334025720131123	40	230	3	42	31	372	5	1
257	257025520131130	37	138	3	36	22	299	2	1
257	463025720140101	43	96	0	39	21	320	1	1
277	657027720130829	31	23	0	41	16	208	1	4
277	277052820130907	25	69	0	32	18	170	1	1
277	277046620130921	36	133	0	45	24	243	1	4
277	96027720130928	35	54	2	46	24	377	3	2
277	630027720131005	33	87	1	53	29	386	3	3
277	277046520131012	26	129	1	47	24	325	4	0
277	156027720131026	29	32	1	57	31	386	2	2
277	277073120131102	25	59	0	44	22	260	1	3
277	277072620131109	47	218	1	33	29	246	3	0
277	626027720131116	47	161	1	37	18	194	2	1
277	277081120131123	42	125	2	50	37	499	6	1
277	725027720131130	52	285	3	34	24	323	4	1
288	665028820130830	50	372	4	38	26	255	4	0
288	288069020130907	48	219	1	48	29	305	0	0
288	288057420130921	37	165	1	36	18	329	3	1
288	288070620130928	32	150	2	39	26	341	4	0
288	404028820131012	29	38	2	32	14	209	1	0
288	77028820131019	29	48	0	47	31	435	4	3
288	288058720131026	38	211	2	35	28	400	5	0
288	651028820131031	26	95	2	30	23	293	3	0
288	288012820131109	29	136	1	46	24	231	1	2
288	288036720131116	29	74	1	35	16	121	0	0
288	140028820131123	31	33	0	41	18	245	1	0
288	663028820131129	30	120	2	42	25	245	2	2
288	736028820140104	27	146	1	49	21	238	2	2
295	295049720130831	36	139	0	28	19	230	1	0
295	295081120130907	46	139	1	33	23	205	0	0
295	503029520130914	62	191	3	26	15	247	2	0
295	295075420130921	49	79	0	25	18	174	0	1
295	690029520130928	33	168	1	44	26	310	1	0
295	96029520131005	43	96	0	40	17	177	2	4
295	295003020131012	39	165	2	41	15	212	1	1
295	295043320131026	36	87	1	30	12	166	1	0
295	670029520131102	38	145	1	35	20	181	2	0
295	523029520131109	47	177	3	34	16	328	2	2
295	295023420131123	35	59	0	45	21	286	2	4
295	295047220131130	37	209	0	42	21	250	1	1
301	659030120130831	30	49	2	37	29	415	2	1
301	140030120130907	39	210	2	37	26	312	4	0
301	756030120130914	36	136	2	26	10	191	1	1
301	414030120130928	43	289	2	33	23	312	5	2
301	301046320131005	48	195	2	31	16	177	0	1
301	796030120131019	29	72	2	34	26	319	2	0
301	416030120131026	21	25	0	21	13	103	0	1
301	301053920131102	24	90	1	52	33	321	1	2
301	301030620131109	34	162	3	58	38	450	2	1
301	518030120131116	38	132	2	50	33	288	2	2
301	301055920131123	37	123	0	31	24	257	2	2
301	509030120131130	32	185	2	45	31	307	2	1
306	305030620130829	54	313	3	30	17	319	6	2
306	726030620130907	26	118	1	43	31	363	4	1
306	71030620130914	48	266	4	26	17	335	2	0
306	434030620130921	26	98	2	53	29	377	2	3
306	539030620131005	41	150	3	39	24	336	2	1
306	306041620131012	27	92	2	47	25	259	2	1
306	306041820131019	33	162	2	43	24	410	4	2
306	428030620131102	37	227	2	38	21	269	3	0
306	301030620131109	43	371	4	28	21	279	3	1
306	306079620131116	30	102	0	30	12	122	0	1
306	306051820131123	39	122	0	53	32	320	2	0
306	559030620131130	54	401	2	40	26	291	6	2
311	504031120130831	44	168	0	32	22	242	2	0
311	312031120130914	24	59	0	39	22	260	3	2
311	311071920130926	44	179	3	42	26	255	2	1
311	703031120131003	50	201	1	27	16	262	2	1
311	311070020131012	39	143	3	39	15	168	1	0
311	311005120131019	33	41	0	27	15	133	1	2
311	521031120131026	48	154	2	38	18	192	2	1
311	311032720131102	34	122	1	36	17	126	0	3
311	698031120131109	42	110	1	40	19	173	0	0
311	311052220131116	34	103	1	36	22	188	0	2
311	328031120131123	43	202	2	20	15	300	2	1
311	311076820131130	53	244	2	39	25	331	4	1
312	503031220130831	43	202	1	37	21	256	1	2
312	669031220130907	57	298	4	28	19	193	0	1
312	312031120130914	60	218	1	23	14	160	2	0
312	774031220130921	58	258	2	18	11	188	2	0
312	312042820130928	45	246	1	25	15	218	1	1
312	416031220131005	16	23	0	46	26	241	2	2
312	312051820131019	27	130	0	34	19	245	3	1
312	509031220131026	41	136	1	27	19	169	1	1
312	796031220131102	32	110	0	40	16	179	0	2
312	312055920131109	52	318	3	20	12	191	2	0
312	418031220131123	44	168	1	30	19	239	2	3
312	312046320131129	44	155	3	17	9	126	2	0
312	312036520140101	37	76	1	30	13	157	1	2
327	493032720130830	23	41	1	29	21	280	2	2
327	671032720130907	37	149	4	34	23	305	0	2
327	400032720130914	46	329	2	12	7	127	2	1
327	327070320130921	38	115	3	30	19	275	0	0
327	327052120131005	38	144	1	28	18	192	2	3
327	51032720131012	58	327	3	22	10	118	0	1
327	768032720131026	43	157	1	21	18	291	4	0
327	311032720131102	48	226	4	20	13	221	1	0
327	327070020131109	45	291	5	11	7	76	1	0
327	698032720131116	35	154	1	29	13	257	2	1
327	522032720131123	22	24	1	29	17	348	3	2
327	327032820131130	45	208	2	21	10	160	2	1
327	418032720131228	36	149	1	28	21	271	3	0
328	650032820130907	50	280	3	20	10	110	1	0
328	328057420130914	35	100	1	29	14	170	1	2
328	366032820130921	33	117	0	46	28	279	1	2
328	700032820131005	37	53	0	35	18	220	2	1
328	328069820131012	34	46	0	26	13	152	1	1
328	522032820131019	39	185	2	13	5	16	1	0
328	51032820131026	50	154	1	33	11	154	1	0
328	328070320131102	36	140	1	23	12	166	0	0
328	328052120131109	49	202	0	25	10	114	0	1
328	768032820131116	54	315	4	12	5	61	0	0
328	328031120131123	41	187	0	31	11	92	0	1
328	327032820131130	38	72	0	36	17	151	1	4
331	355033120130829	49	167	0	28	21	194	2	0
331	71033120130907	28	138	1	28	15	164	2	0
331	331036520130914	32	58	1	29	20	190	0	0
331	331053920130921	24	56	0	36	17	134	0	1
331	331077420130928	47	276	2	30	17	176	2	1
331	503033120131005	24	147	0	37	17	245	2	1
331	331004720131012	46	223	1	30	20	184	2	1
331	331064620131019	33	247	1	26	14	181	2	0
331	86033120131026	30	103	2	32	20	260	1	2
331	331000520131102	33	162	1	31	15	138	0	3
331	414033120131113	46	300	3	23	13	147	0	0
331	331051920131119	42	312	4	33	20	225	1	0
334	334077220130831	32	216	2	28	18	203	1	0
334	414033420130907	39	262	2	35	25	413	3	0
334	367033420130914	31	162	0	37	17	214	1	1
334	235033420130928	21	48	1	26	17	125	0	1
334	334064820131005	36	123	2	24	17	178	2	0
334	8033420131012	34	94	0	18	7	76	1	0
334	334043020131024	40	160	1	35	19	165	1	0
334	7033420131102	44	233	4	29	17	189	2	0
334	434033420131109	51	134	2	28	18	235	0	0
334	334073620131116	40	142	1	28	14	120	0	4
334	334025720131123	30	62	1	17	10	149	1	0
334	694033420131130	33	139	0	38	25	254	2	0
365	365069820130831	48	197	3	32	16	251	1	0
365	9036520130907	34	152	2	20	17	293	5	0
365	331036520130914	37	307	3	18	13	264	3	0
365	37036520130921	44	228	4	22	14	229	1	1
365	365025720130928	36	77	2	37	23	372	3	0
365	365043020131005	39	223	6	29	25	340	2	1
365	235036520131012	39	175	2	17	9	152	0	0
365	365043320131019	35	114	2	33	19	274	1	3
365	244036520131026	36	332	4	26	17	340	3	2
365	365000820131109	31	43	1	23	16	241	1	0
365	697036520131123	55	324	2	20	11	193	2	0
365	31036520131129	38	238	3	29	18	232	1	1
365	312036520140101	51	220	3	20	7	82	0	1
366	366049020130831	33	143	2	27	15	178	0	0
366	346036620130907	38	273	1	32	22	166	2	0
366	718036620130912	31	124	0	44	16	165	1	1
366	366032820130921	32	154	0	55	35	289	1	1
366	725036620130928	23	57	1	36	20	320	1	1
366	366070420131005	50	353	5	20	10	110	0	0
366	497036620131019	23	37	1	55	37	367	0	2
366	366023120131026	47	141	0	32	20	192	1	3
366	664036620131109	48	311	2	37	22	158	2	0
366	366057420131116	29	146	1	30	15	181	1	2
366	719036620131123	36	141	1	43	22	195	1	4
366	366070620131130	20	42	0	37	20	151	0	1
367	519036720130901	40	199	1	31	25	416	6	1
367	202036720130907	28	78	1	34	23	397	4	0
367	367033420130914	41	242	2	28	16	250	1	0
367	231036720130921	29	210	4	27	22	254	5	0
367	367069020131005	34	177	1	36	25	348	2	0
367	587036720131010	36	151	1	31	21	310	2	1
367	128036720131018	24	104	2	38	29	341	2	0
367	367065120131026	40	132	0	30	26	353	3	0
367	367016420131108	30	81	1	37	21	288	1	1
367	288036720131116	41	129	2	29	19	203	0	0
367	404036720131123	40	122	1	36	26	220	1	0
367	367014020131205	41	177	1	37	23	255	3	1
367	415036720131228	31	107	1	45	35	447	3	0
388	414038820130831	57	304	1	37	24	287	5	1
388	1092038820130907	39	224	4	35	22	285	2	1
388	388051920130914	34	116	3	45	30	366	1	1
388	388074220130921	46	133	1	41	19	228	2	2
388	706038820131005	49	125	2	32	22	279	2	0
388	388022920131012	34	139	1	35	18	216	1	1
388	388041920131024	52	213	4	35	19	235	3	1
388	664038820131102	27	304	3	37	28	332	6	0
388	9038820131109	32	381	5	20	14	276	3	0
388	388071920131114	45	163	1	58	33	456	5	1
388	388023120131123	31	270	2	34	17	288	5	0
388	196038820131129	53	267	5	28	17	272	2	1
388	388057420131207	37	106	1	41	24	265	2	1
388	388039220131227	35	138	1	44	28	337	3	0
392	231039220130831	42	251	2	29	25	325	3	0
392	523039220130907	46	312	4	23	14	275	2	1
392	392016420130914	43	224	1	28	15	277	1	1
392	768039220130921	46	120	2	26	17	210	1	0
392	392023420131005	25	33	0	32	15	201	0	0
392	746039220131012	30	136	2	34	18	332	1	0
392	392074920131019	23	39	0	51	27	344	1	2
392	147039220131026	25	82	0	45	19	282	3	2
392	688039220131109	36	81	0	40	21	211	0	2
392	392074220131116	39	184	2	26	12	135	1	1
392	67039220131123	34	100	2	31	19	178	1	0
392	392049020131130	38	173	3	25	13	259	2	0
392	388039220131227	49	194	0	24	14	197	2	1
400	400079620130831	29	100	0	30	14	112	0	1
400	380040020130907	22	64	0	42	20	201	2	1
400	400032720130914	38	123	1	32	21	186	0	2
400	736040020130921	31	99	0	33	23	149	1	0
400	400007120131005	32	184	0	25	11	96	1	1
400	414040020131012	44	127	0	36	19	249	2	2
400	400008620131019	33	85	0	28	14	162	0	1
400	774040020131026	42	112	2	25	16	220	1	0
400	503040020131102	45	155	1	25	10	169	0	2
400	5040020131116	42	172	0	28	17	151	1	2
400	400012920131123	39	128	0	16	6	45	0	3
400	400051920131129	51	153	1	19	6	137	1	3
404	193040420130907	33	89	1	24	14	148	0	0
404	404041920130914	46	180	0	30	19	170	1	2
404	30040420130921	45	329	3	26	17	176	1	0
404	128040420131005	35	118	2	39	20	279	0	3
404	404028820131012	40	127	0	41	21	222	0	0
404	663040420131019	40	122	1	36	26	198	1	1
404	140040420131030	28	92	1	33	17	140	2	1
404	695040420131109	39	153	2	22	15	189	1	1
404	404065120131116	39	183	1	13	6	59	0	1
404	404036720131123	35	135	1	24	11	144	1	1
404	690040420131130	29	60	2	33	20	168	1	0
404	404016420131207	29	72	0	40	20	185	1	1
414	414038820130831	34	74	1	23	10	165	1	1
414	414033420130907	43	99	0	14	4	23	0	0
414	140041420130921	29	7	0	16	7	80	0	2
414	414030120130928	41	155	1	15	7	95	1	0
414	129041420131005	36	123	0	29	14	171	1	0
414	414040020131012	30	117	0	35	15	173	1	3
414	5041420131019	36	77	0	34	23	226	2	1
414	414051920131026	40	85	1	34	15	155	1	1
414	71041420131105	37	97	0	25	15	131	0	0
414	414033120131113	40	112	0	14	5	64	0	1
414	86041420131119	34	135	1	20	5	65	0	1
414	414004720131129	51	138	1	27	11	143	1	1
415	229041520130830	38	303	3	31	18	200	1	1
415	235041520130907	28	50	1	25	12	162	2	1
415	632041520130921	46	324	6	23	20	313	4	0
415	415065120130928	39	165	3	32	19	375	3	2
415	255041520131005	31	227	2	22	17	324	3	2
415	415045720131017	45	234	2	35	19	322	0	4
415	749041520131026	40	200	2	28	17	191	1	0
415	415023420131102	29	83	0	28	16	192	2	2
415	742041520131109	24	28	1	29	16	324	2	0
415	415019320131116	29	186	0	49	30	379	2	1
415	746041520131123	25	90	2	27	13	214	2	1
415	415054520131129	34	180	2	28	17	296	3	0
415	415036720131228	28	14	1	27	12	160	0	0
416	774041620130830	42	181	1	37	17	116	0	0
416	651041620130907	38	171	1	24	12	94	0	0
416	817041620130914	49	277	3	32	22	270	4	0
416	416051320130921	35	119	0	36	16	135	1	1
416	416031220131005	37	135	0	44	25	277	2	1
416	306041620131012	47	238	4	31	22	235	2	1
416	559041620131019	41	182	0	26	14	112	1	0
416	416030120131026	55	269	3	16	15	208	3	0
416	418041620131102	39	142	2	33	18	252	1	1
416	416046320131116	48	168	4	32	15	193	1	0
416	416050920131123	40	171	2	23	16	293	2	0
416	428041620131130	31	181	1	20	10	143	1	1
416	518041620131207	32	134	1	40	24	304	3	1
416	674041620140101	35	65	1	36	22	332	2	1
418	129041820130831	47	242	6	21	14	221	1	3
418	513041820130907	39	166	1	33	21	294	4	1
418	5041820130914	32	177	2	30	16	248	2	3
418	418016420130921	49	192	3	23	11	97	0	2
418	428041820131005	35	113	4	17	13	235	1	0
418	418053920131012	54	149	0	29	15	240	3	2
418	306041820131019	54	248	7	29	21	503	2	0
418	418041620131102	29	-48	0	30	15	216	0	1
418	463041820131109	36	-21	0	27	18	196	1	0
418	418050920131116	44	139	1	43	24	226	1	0
418	418031220131123	29	60	0	28	13	98	2	0
418	518041820131130	35	152	2	47	32	451	4	0
418	418032720131228	15	65	1	38	24	196	0	1
419	769041920130829	49	270	4	27	19	205	1	0
419	419045720130907	42	158	1	41	24	243	1	3
419	404041920130914	28	60	1	36	22	224	1	1
419	419022920130921	45	296	4	24	13	150	2	2
419	419007720130927	41	107	0	34	16	105	1	1
419	196041920131005	32	89	1	37	28	245	1	2
419	419049720131012	27	139	1	30	14	66	0	1
419	388041920131024	60	308	2	40	22	277	4	1
419	419000920131102	34	259	0	23	12	170	2	1
419	231041920131109	49	249	4	25	19	307	1	0
419	419066420131123	45	246	3	25	11	172	1	0
419	704041920131130	48	304	4	27	19	325	2	1
419	419072620131230	27	91	0	33	19	218	0	2
428	465042820130829	38	221	3	23	10	99	1	1
428	428047220130907	43	342	3	15	8	127	0	1
428	771042820130914	49	213	4	12	10	124	0	0
428	630042820130921	67	353	6	12	5	71	0	0
428	312042820130928	27	30	0	24	12	135	1	2
428	428041820131005	41	136	0	21	14	145	1	1
428	428050920131019	49	176	0	14	9	123	1	0
428	463042820131026	54	271	3	17	8	159	1	0
428	428030620131102	52	248	2	26	17	325	4	0
428	539042820131109	46	195	2	25	15	186	1	0
428	796042820131123	32	102	0	23	7	83	0	0
428	428041620131130	50	124	0	25	9	125	0	2
428	688042820131227	38	127	0	30	13	223	2	0
430	430052120130831	37	111	0	33	17	222	0	2
430	17043020130907	54	277	5	33	20	279	2	1
430	430003720130914	40	202	3	28	15	213	0	0
430	716043020130921	44	235	5	27	17	316	2	0
430	365043020131005	36	216	1	31	16	252	2	1
430	71043020131012	41	245	3	25	19	177	0	1
430	334043020131024	42	152	1	37	25	295	3	0
430	430064820131102	35	150	2	43	28	235	0	3
430	430069720131109	43	299	2	42	23	257	4	1
430	8043020131116	29	53	1	29	15	144	0	1
430	430003120131123	37	191	1	32	21	297	2	1
430	433043020131128	43	99	2	39	19	197	0	1
430	574043020131231	46	239	3	30	18	294	3	0
433	433073620130829	37	206	5	47	31	283	0	0
433	654043320130907	50	272	2	32	14	260	2	1
433	433070320130914	45	272	3	27	17	177	2	0
433	433000820130928	25	46	0	32	17	159	0	1
433	433003720131005	39	124	0	50	26	340	2	2
433	697043320131012	33	133	0	40	25	329	5	1
433	365043320131019	43	176	2	41	31	349	1	0
433	295043320131026	45	292	3	29	22	280	4	0
433	31043320131109	38	103	1	38	29	428	3	2
433	716043320131116	61	382	3	32	20	369	4	1
433	434043320131123	29	126	1	43	27	252	0	1
433	433043020131128	35	117	0	43	28	201	0	3
433	433025520131230	48	221	2	36	23	256	1	1
434	454043420130831	45	358	5	42	28	336	3	0
434	709043420130907	47	172	3	25	16	212	1	1
434	434030620130921	50	280	3	47	32	343	2	2
434	30043420130928	28	239	3	30	21	256	3	0
434	434073620131005	43	245	2	28	19	278	4	0
434	434025720131012	37	142	3	31	22	233	2	0
434	235043420131019	37	205	2	36	18	295	1	1
434	648043420131026	41	155	2	25	10	249	1	1
434	694043420131102	54	339	1	25	12	163	3	0
434	434033420131109	30	223	2	28	17	203	5	0
434	434043320131123	51	260	3	26	15	225	0	1
434	697043420131130	44	225	2	30	19	238	2	0
434	434003720131207	34	231	1	37	21	303	3	1
434	521043420140103	47	256	3	44	17	206	1	1
457	457064820130829	36	99	0	43	26	194	1	0
457	419045720130907	41	134	3	36	25	377	2	1
457	457025520130921	24	101	1	29	14	218	2	1
457	196045720130928	32	67	0	47	29	398	4	1
457	457074220131005	38	99	0	35	23	277	2	2
457	415045720131017	36	105	0	43	32	395	2	2
457	67045720131026	44	110	2	29	22	282	3	0
457	457049020131102	38	152	2	38	24	275	2	1
457	746045720131109	41	201	1	29	16	214	3	1
457	457054520131116	35	149	2	27	15	173	0	0
457	523045720131123	40	312	4	28	21	409	5	0
457	193045720131130	39	225	2	36	17	223	1	2
457	140045720131228	46	174	2	33	19	171	1	0
463	811046320130831	63	375	2	22	17	155	3	1
463	664046320130907	46	285	3	28	19	194	3	0
463	110046320130914	42	128	0	35	21	203	3	0
463	649046320130921	51	335	5	26	21	310	2	0
463	301046320131005	50	335	3	20	11	186	2	0
463	463055920131012	56	251	5	31	16	184	1	3
463	463042820131026	30	189	1	30	16	139	1	1
463	509046320131102	50	195	1	42	22	277	2	4
463	463041820131109	43	128	1	23	12	145	1	0
463	416046320131116	32	182	1	32	17	210	3	1
463	463053920131123	41	168	0	36	21	192	1	0
463	312046320131129	37	89	1	37	19	199	1	2
463	463025720140101	43	144	1	16	6	163	2	1
465	465042820130829	34	193	1	51	36	226	2	2
465	29046520130907	35	157	1	28	9	125	1	2
465	129046520130914	41	122	1	30	25	289	3	1
465	771046520130921	49	284	4	22	14	140	1	0
465	465047320130928	37	248	4	35	25	320	4	0
465	277046520131012	57	194	3	56	34	385	1	1
465	465009620131019	25	133	1	42	27	161	1	0
465	465046620131026	42	149	1	42	29	335	3	0
465	630046520131102	27	86	1	49	26	265	2	2
465	731046520131109	42	150	1	39	17	252	2	1
465	465072120131121	58	330	6	18	15	141	0	0
465	626046520131130	33	131	1	30	20	270	5	0
465	465049720140101	27	66	0	41	22	196	2	1
466	466011020130831	51	171	2	35	21	182	0	0
466	108046620130907	64	267	3	27	21	268	2	0
466	466023420130914	38	128	0	24	13	86	1	1
466	277046620130921	44	138	0	20	14	202	3	0
466	721046620130928	44	210	3	56	38	389	3	1
466	466062620131004	58	177	4	51	33	393	2	0
466	466006620131019	52	165	2	30	22	208	0	0
466	465046620131026	36	130	0	40	24	357	2	1
466	466009620131102	42	218	1	24	14	206	2	1
466	466015620131109	33	164	2	47	31	247	0	0
466	630046620131116	51	311	4	27	20	171	1	0
466	77046620131130	47	104	2	33	23	259	1	1
472	472070320130831	38	104	0	46	32	242	1	1
472	428047220130907	41	103	3	40	29	253	0	0
472	704047220130914	19	99	0	26	14	299	3	2
472	472011020130921	41	187	1	26	15	146	1	1
472	626047220130928	27	40	0	35	23	228	2	0
472	472047320131005	40	182	2	34	20	269	0	2
472	574047220131019	36	160	1	21	8	168	1	2
472	2047220131026	45	224	2	31	24	245	2	2
472	472067120131102	42	120	2	36	26	330	3	1
472	67047220131109	29	159	1	57	43	389	3	1
472	472022920131123	43	157	1	27	13	141	0	0
472	295047220131130	43	181	1	28	18	190	2	1
473	706047320130831	42	193	0	17	6	84	1	0
473	473070420130907	57	395	6	7	4	88	0	0
473	473054520130914	52	213	3	17	9	57	0	0
473	465047320130928	59	497	5	13	5	84	1	0
473	472047320131005	56	541	7	8	3	67	1	0
473	473081120131012	50	257	2	24	12	179	2	1
473	731047320131019	43	160	1	20	11	140	0	0
473	473062620131102	41	253	3	20	10	170	1	1
473	721047320131108	65	451	5	3	1	28	1	0
473	156047320131116	46	278	3	18	11	249	2	2
473	473009620131123	40	168	3	13	8	157	0	0
473	473006620131130	53	300	2	17	10	62	0	1
490	366049020130831	56	237	4	31	18	305	0	1
490	575049020130907	41	188	1	35	27	256	1	2
490	147049020130919	36	165	2	37	20	213	0	1
490	129049020130928	52	239	3	20	14	244	1	1
490	490074920131005	32	115	0	43	27	257	1	2
490	688049020131012	45	129	0	50	24	226	1	1
490	490023420131026	42	188	2	33	17	128	0	2
490	457049020131102	48	212	1	29	14	176	0	2
490	490019320131109	48	164	0	33	13	248	1	3
490	490006720131116	26	35	0	40	26	325	3	0
490	196049020131123	39	129	0	44	28	312	4	0
490	392049020131130	54	151	1	31	21	200	2	0
497	295049720130831	45	187	4	34	28	404	2	1
497	497051920130907	38	104	1	29	19	195	2	2
497	47049720130914	45	231	2	47	31	274	1	0
497	497025720130921	25	7	0	41	26	238	1	1
497	497071820131005	20	34	1	42	29	326	2	2
497	419049720131012	61	303	3	19	13	113	0	2
497	497036620131019	44	165	2	24	16	221	1	1
497	497066420131026	62	229	6	27	18	300	2	2
497	574049720131031	43	149	1	13	7	104	1	1
497	704049720131109	43	317	3	24	10	154	1	0
497	706049720131123	28	105	0	46	26	229	1	1
497	497071920131130	50	377	5	26	17	173	0	1
497	465049720140101	45	141	3	30	21	256	2	0
498	498052220130831	22	38	0	39	20	128	0	1
498	261049820130907	38	367	2	30	16	204	3	1
498	498074920130914	35	109	0	69	43	315	3	2
498	498005120130921	35	75	0	46	18	220	1	3
498	718049820130928	24	26	0	45	22	267	1	2
498	772049820131003	27	116	1	40	21	275	0	1
498	498067020131012	31	80	1	32	16	112	0	2
498	254049820131026	38	225	1	44	30	309	4	0
498	498071620131031	40	108	2	32	21	354	5	0
498	30049820131109	28	137	0	37	17	191	2	2
498	498064620131123	39	71	1	28	19	203	1	0
498	498067120131130	32	122	2	29	19	272	2	0
503	503031220130831	42	163	0	41	25	275	3	0
503	503029520130914	48	356	3	29	17	152	3	0
503	201050320130921	52	367	4	30	21	235	1	2
503	503055920130928	36	177	1	26	19	225	4	0
503	503033120131005	63	454	3	35	21	244	2	2
503	5050320131012	39	179	2	35	16	220	1	0
503	503012920131019	53	437	4	30	20	155	1	1
503	204050320131026	44	327	1	28	21	331	7	0
503	503040020131102	49	354	7	17	12	258	2	0
503	47050320131113	40	224	3	33	26	345	2	0
503	503070920131120	55	364	5	22	17	202	0	0
503	774050320131126	54	425	3	17	5	39	1	0
503	71050320131206	42	235	2	40	21	219	1	2
503	731050320131226	38	99	1	35	20	216	1	1
509	509010720130831	40	209	2	30	19	299	1	2
509	688050920130907	44	206	2	37	30	375	4	0
509	774050920130914	55	332	4	22	15	139	1	1
509	380050920130921	49	251	2	17	10	122	1	1
509	518050920131005	43	94	1	31	25	343	2	1
509	509079620131012	25	44	0	39	17	197	0	1
509	428050920131019	26	94	1	46	25	234	1	2
509	509031220131026	52	225	0	14	11	104	1	0
509	509046320131102	47	245	3	21	8	81	0	1
509	418050920131116	49	143	1	34	23	179	0	1
509	416050920131123	26	80	0	46	27	239	0	3
509	509030120131130	51	146	0	45	31	414	4	0
513	690051320130831	35	188	1	27	17	355	3	0
513	513041820130907	19	96	0	53	29	314	2	2
513	513055920130914	37	91	1	33	20	309	2	0
513	416051320130921	32	82	1	34	14	142	1	0
513	522051320130928	29	220	1	25	9	104	2	3
513	28051320131005	37	145	0	38	17	279	3	1
513	657051320131019	40	129	0	25	14	166	2	0
513	513072120131026	37	135	1	26	18	331	5	0
513	726051320131102	36	264	3	20	12	242	2	2
513	513054520131109	24	138	1	39	18	318	2	2
513	77051320131123	47	235	1	28	15	235	1	1
513	513067420131130	24	64	0	34	16	199	2	2
513	587051320131228	43	175	2	47	27	319	0	0
518	86051820130831	45	261	2	23	16	199	3	1
518	626051820130907	40	263	4	30	21	182	2	1
518	518010720130914	55	332	3	32	21	276	4	0
518	228051820130921	46	388	5	34	24	215	6	1
518	796051820130928	43	192	0	25	17	198	4	0
518	518050920131005	48	248	3	26	15	203	0	1
518	312051820131019	51	273	2	27	22	222	2	0
518	539051820131026	51	408	6	26	20	278	3	0
518	518055920131102	41	345	2	36	28	295	5	1
518	518030120131116	42	441	5	30	13	150	2	0
518	306051820131123	39	311	4	17	11	160	2	1
518	518041820131130	46	393	4	15	6	133	2	1
518	518041620131207	40	273	2	23	8	101	1	0
518	147051820140103	48	193	3	24	16	234	2	2
519	519036720130901	28	81	1	31	15	192	0	1
519	497051920130907	40	203	0	30	19	239	2	2
519	388051920130914	36	60	2	39	26	275	1	0
519	43051920130921	46	251	2	23	16	243	3	0
519	519000520131005	39	147	2	26	17	215	2	1
519	129051920131012	34	107	1	36	25	332	2	2
519	519020420131019	34	148	4	33	26	399	4	1
519	414051920131026	42	229	2	33	22	306	3	0
519	519008620131105	34	69	0	38	17	164	0	0
519	519007120131112	29	56	0	33	18	116	0	1
519	331051920131119	34	69	0	29	12	135	1	1
519	400051920131129	29	215	2	30	19	246	2	1
519	519019620131223	37	107	0	44	24	328	2	3
521	430052120130831	40	286	3	33	21	146	0	0
521	521070620130907	32	87	2	43	35	518	6	0
521	346052120130914	38	155	5	36	23	271	2	1
521	521076820130928	40	111	0	47	20	322	3	2
521	327052120131005	25	85	2	40	24	245	1	0
521	698052120131019	35	95	2	44	20	320	0	3
521	521031120131026	47	342	5	27	10	78	1	1
521	521070020131102	55	281	5	34	18	211	2	2
521	328052120131109	31	85	2	39	20	274	3	0
521	521070320131116	40	183	2	22	16	197	2	1
521	51052120131123	46	154	3	27	21	440	3	0
521	522052120131207	35	200	2	35	19	200	1	1
521	521043420140103	39	167	2	57	33	381	2	2
522	498052220130831	50	305	1	33	14	124	3	1
522	768052220130907	57	316	0	21	10	119	1	2
522	719052220130914	44	194	2	37	27	413	4	0
522	522051320130928	42	212	1	31	23	238	2	0
522	698052220131005	38	203	2	31	20	152	0	0
522	522070320131012	33	130	1	26	12	133	0	2
522	522032820131019	45	235	1	26	16	180	3	1
522	700052220131026	50	277	3	22	14	249	2	0
522	522005120131107	34	87	0	35	15	150	1	2
522	311052220131116	44	405	4	23	12	118	1	0
522	522032720131123	52	301	3	21	14	171	1	1
522	522052120131207	40	165	0	33	16	193	2	1
522	522000820140102	30	81	1	44	32	348	4	1
528	207052820130831	24	105	3	44	37	422	3	0
528	277052820130907	33	57	0	50	35	451	4	1
528	528073220130914	28	48	0	45	27	443	5	0
528	528062620130921	20	10	1	55	38	367	3	0
528	157052820130928	34	120	0	54	28	420	6	1
528	528075420131012	28	102	3	53	35	496	4	2
528	528010720131019	28	74	3	46	36	496	4	0
528	674052820131026	24	17	0	57	41	271	1	0
528	657052820131101	16	92	0	45	26	277	1	3
528	528002820131116	26	70	0	46	31	320	2	4
528	756052820131123	22	106	1	49	26	308	2	3
528	528052920131129	39	231	2	47	29	314	2	1
528	66052820131224	33	195	2	34	24	259	1	1
529	483052920130831	45	500	7	26	15	272	2	0
529	529074620130907	40	350	6	29	15	207	2	0
529	694052920130914	41	216	4	35	25	471	4	0
529	107052920130928	48	264	4	26	12	117	2	0
529	529015720131005	62	349	3	34	19	406	5	2
529	529075620131012	50	265	3	31	24	366	3	0
529	754052920131019	44	383	6	33	24	336	2	0
529	110052920131026	53	325	5	28	21	230	1	0
529	529067420131107	24	62	0	34	20	250	2	0
529	732052920131116	35	145	2	28	19	288	3	0
529	529002920131123	39	198	0	41	27	308	2	2
529	528052920131129	45	283	2	34	17	285	3	2
529	529070320131230	42	216	0	26	18	253	1	0
539	539068820130831	38	57	0	32	23	296	2	2
539	204053920130907	39	251	5	35	25	323	1	1
539	128053920130914	35	193	3	29	21	262	1	0
539	331053920130921	53	287	3	36	13	176	1	1
539	539030620131005	38	70	0	55	30	340	3	0
539	418053920131012	44	85	2	45	23	305	3	2
539	539051820131026	40	120	0	34	19	237	2	2
539	301053920131102	48	250	2	32	20	240	1	0
539	539042820131109	36	190	1	25	14	163	0	0
539	559053920131116	58	289	5	23	16	212	1	1
539	463053920131123	44	170	1	33	16	217	2	1
539	539079620131130	28	126	0	30	21	339	4	0
545	234054520130902	27	96	0	28	15	201	1	2
545	473054520130914	34	283	5	18	14	244	2	2
545	545019320130921	46	174	1	33	23	424	6	0
545	746054520130928	35	8	1	31	13	191	1	2
545	545074220131012	26	23	1	29	13	187	0	0
545	523054520131019	45	266	4	18	11	104	1	0
545	545072620131026	38	135	0	27	20	203	2	0
545	545025520131102	21	-5	0	37	25	233	1	1
545	513054520131109	41	112	2	35	22	243	2	0
545	457054520131116	40	46	1	39	23	313	2	0
545	545068820131123	27	21	1	41	28	218	1	1
545	415054520131129	33	220	2	43	24	281	2	1
545	545007120131226	39	255	2	22	13	232	0	0
559	559014020130831	22	65	1	35	18	161	0	2
559	305055920130907	46	134	1	24	15	150	0	0
559	513055920130914	21	38	0	41	25	256	3	1
559	559079620130921	21	45	1	36	18	135	0	1
559	503055920130928	30	153	0	55	24	371	3	4
559	463055920131012	25	32	0	36	14	184	1	1
559	559041620131019	34	66	0	25	14	160	0	1
559	518055920131102	27	27	0	29	13	89	0	1
559	312055920131109	28	53	0	34	20	213	2	0
559	559053920131116	20	41	1	33	21	223	1	1
559	301055920131123	29	120	1	29	20	163	1	1
559	559030620131130	16	31	1	49	33	485	4	0
574	574069720130831	51	306	2	37	21	203	2	2
574	328057420130914	42	192	1	36	15	178	0	2
574	288057420130921	45	174	2	37	22	289	1	1
574	229057420130928	51	204	1	25	7	69	0	1
574	574071920131005	48	167	2	22	13	177	2	1
574	574070620131012	41	157	2	22	9	183	1	0
574	574047220131019	67	409	5	15	9	106	1	0
574	704057420131026	47	265	2	20	8	259	4	0
574	574049720131031	42	133	0	28	18	222	2	2
574	366057420131116	69	415	6	23	13	167	1	0
574	574000920131121	61	328	3	20	10	139	2	0
574	718057420131130	55	124	1	28	14	180	1	0
574	388057420131207	48	248	3	18	10	239	3	0
574	574043020131231	32	61	1	16	8	84	0	0
587	587009620130829	32	195	0	41	26	348	5	1
587	485058720130907	56	273	4	22	12	150	1	1
587	204058720130914	29	185	3	13	8	89	0	0
587	31058720130921	36	54	0	43	22	346	3	1
587	587066320131005	52	191	3	33	19	283	4	1
587	587036720131010	27	12	0	37	20	228	1	4
587	288058720131026	41	204	2	31	18	216	0	5
587	690058720131102	28	69	0	39	27	371	3	0
587	140058720131116	33	108	1	51	27	249	1	2
587	587012820131121	19	69	1	43	15	152	0	1
587	587016420131130	31	68	1	36	17	296	1	2
587	651058720131207	45	176	2	24	19	179	2	0
587	587051320131228	26	80	0	29	10	156	1	4
626	201062620130831	35	122	1	64	27	318	0	4
626	626051820130907	27	64	0	41	22	216	1	2
626	528062620130921	40	74	1	26	16	251	2	2
626	626047220130928	43	212	3	34	22	229	0	0
626	466062620131004	39	255	4	32	23	286	3	0
626	626072120131010	46	214	1	26	15	249	3	1
626	96062620131026	48	170	4	39	21	337	0	1
626	473062620131102	41	249	3	22	17	234	2	0
626	626063020131109	35	174	3	31	18	235	2	1
626	626027720131116	39	234	3	34	17	265	1	0
626	66062620131123	45	61	1	38	23	288	2	1
626	626046520131130	29	88	1	46	24	239	1	2
626	86062620131221	43	249	5	29	15	211	2	0
630	102063020130829	29	142	1	32	16	225	2	0
630	630067420130907	23	35	0	44	29	216	1	1
630	630042820130921	17	47	0	35	22	439	3	2
630	731063020130927	35	101	1	52	28	336	0	3
630	630027720131005	55	216	1	35	16	318	3	2
630	630015620131012	45	177	1	35	28	431	3	1
630	811063020131026	44	160	2	37	27	482	5	0
630	630046520131102	45	312	2	31	16	180	2	2
630	626063020131109	25	81	0	48	27	301	3	2
630	630046620131116	30	58	0	45	28	326	1	0
630	726063020131122	39	160	2	56	42	440	5	1
630	96063020131129	45	159	2	46	38	577	6	0
646	667064620130829	34	187	1	28	18	148	2	1
646	646071820130907	44	168	2	33	20	297	2	2
646	772064620130914	39	144	3	27	16	270	0	0
646	646069420130928	28	135	3	51	24	257	0	3
646	646071620131005	42	159	3	41	26	471	2	0
646	331064620131019	53	257	4	24	16	224	1	0
646	646067020131026	22	109	1	43	27	300	3	1
646	30064620131102	40	143	1	30	15	228	0	1
646	646072620131116	36	120	0	36	21	180	2	0
646	498064620131123	44	217	1	27	16	207	3	1
646	646025420131130	54	242	4	30	19	280	1	0
646	671064620131207	52	192	2	24	13	171	0	0
648	457064820130829	38	228	1	21	12	178	2	0
648	648025720130907	36	226	2	25	16	228	2	0
648	736064820130914	49	220	2	38	28	359	3	1
648	648012820130928	46	225	4	34	16	265	0	1
648	334064820131005	39	178	3	23	18	275	1	0
648	648003120131012	54	277	3	35	24	260	4	0
648	648069420131019	42	218	2	22	8	166	1	1
648	648043420131026	35	75	0	56	35	423	3	1
648	430064820131102	34	160	0	20	10	147	4	0
648	235064820131116	35	164	0	28	14	213	1	0
648	149064820131123	45	352	7	27	20	287	3	0
648	147064820131130	50	140	2	28	15	178	2	0
648	796064820140101	34	117	1	26	23	321	4	0
651	402065120130831	21	133	1	40	19	209	2	2
651	651041620130907	35	89	0	26	6	66	0	1
651	229065120130914	40	167	0	25	9	130	1	1
651	415065120130928	33	99	1	27	13	189	1	1
651	140065120131005	37	112	0	18	11	129	0	0
651	651016420131012	34	122	0	28	8	106	0	1
651	367065120131026	20	38	0	19	8	95	0	1
651	651028820131031	34	53	0	41	26	311	2	1
651	404065120131116	29	127	0	34	18	198	1	4
651	663065120131123	22	42	0	34	19	217	0	2
651	651012820131129	33	83	2	34	15	211	0	1
651	651058720131207	20	10	0	31	14	141	0	1
657	657027720130829	45	192	1	29	15	172	1	1
657	754065720130907	42	139	1	21	11	54	0	2
657	67065720130914	43	257	3	19	17	264	2	0
657	731065720130921	39	118	1	27	13	164	1	0
657	657002820130928	37	247	4	30	20	295	2	3
657	29065720131010	45	249	3	30	15	297	2	0
657	657051320131019	31	129	1	34	20	201	0	1
657	732065720131026	30	30	0	32	21	230	1	0
657	657052820131101	44	242	3	21	17	247	1	1
657	657010720131109	29	256	4	22	17	243	2	0
657	674065720131116	27	23	1	37	25	288	1	0
657	657015720131123	41	243	4	30	20	206	2	0
657	110065720131130	36	140	1	28	17	174	1	0
657	96065720131221	45	143	2	30	22	344	4	1
663	700066320130830	31	102	2	62	41	388	0	0
663	440066320130907	26	144	1	48	35	317	1	0
663	663069720130921	17	93	0	67	41	341	1	1
663	663069820130928	31	16	0	44	23	276	2	4
663	587066320131005	28	74	2	71	45	484	5	0
663	663040420131019	33	139	2	43	27	321	2	1
663	690066320131026	29	190	4	53	37	538	4	0
663	663014020131109	20	48	1	47	38	403	2	0
663	164066320131116	24	107	0	52	33	353	4	0
663	663065120131123	30	51	1	41	28	229	1	2
663	663028820131129	34	83	0	52	27	212	0	3
663	128066320131207	23	78	0	39	25	235	1	1
664	670066420130831	24	23	0	53	28	377	1	2
664	664046320130907	27	62	0	37	21	222	1	4
664	664003120130914	31	119	0	34	18	135	0	2
664	664006620130928	30	103	0	34	21	163	1	2
664	231066420131005	24	71	0	45	26	243	3	2
664	664019620131019	36	121	0	28	11	112	2	1
664	497066420131026	21	39	1	31	12	210	1	3
664	664038820131102	33	74	0	48	24	323	1	1
664	664036620131109	21	59	0	52	25	298	1	4
664	229066420131116	25	20	1	37	12	169	0	2
664	419066420131123	32	82	0	47	27	289	3	2
664	664000920131130	31	102	3	39	24	370	5	1
670	670066420130831	41	73	1	21	14	134	1	0
670	553067020130907	43	242	4	27	17	166	0	0
670	670070020130921	37	107	1	31	15	133	0	1
670	811067020130928	48	256	5	19	14	196	1	1
670	670067120131005	31	120	1	16	11	76	0	0
670	498067020131012	38	210	1	34	12	148	0	2
670	254067020131019	42	296	3	12	5	47	0	1
670	646067020131026	53	234	0	26	15	218	2	1
670	670029520131102	38	108	3	23	19	228	2	0
670	670003020131116	33	158	1	30	18	210	2	0
670	772067020131123	29	21	0	30	15	109	1	4
670	670071620131129	38	233	2	31	11	192	2	1
671	671003120130831	32	85	1	31	17	189	1	1
671	671032720130907	40	177	1	31	18	193	1	1
671	483067120130914	53	456	8	16	13	164	1	1
671	671000520130921	43	156	2	38	26	304	3	1
671	670067120131005	50	212	2	26	21	360	4	0
671	671077220131015	52	254	3	12	5	90	1	0
671	671003020131022	58	265	2	28	18	205	0	1
671	472067120131102	32	209	6	20	14	231	1	1
671	716067120131107	44	193	3	13	8	185	2	1
671	671025420131116	46	261	1	16	10	234	4	0
671	498067120131130	35	167	2	41	23	304	2	3
671	671064620131207	33	69	0	26	9	143	1	2
671	718067120131221	46	168	2	21	14	157	0	2
674	630067420130907	41	197	2	27	17	207	2	0
674	674072520130914	34	197	1	22	13	205	3	1
674	28067420130921	49	240	3	17	11	151	2	1
674	674075420130928	40	238	2	28	17	322	3	1
674	756067420131005	41	179	2	20	12	105	1	1
674	674073220131012	29	143	1	27	15	246	1	0
674	110067420131019	50	192	2	25	18	227	1	1
674	674052820131026	33	185	3	18	8	88	0	0
674	529067420131107	66	274	2	13	7	103	0	0
674	674065720131116	35	210	2	25	14	127	0	2
674	107067420131123	35	186	3	35	24	417	6	0
674	513067420131130	51	261	2	18	12	158	1	2
674	674002820131207	44	240	4	18	12	277	1	0
674	674041620140101	36	162	1	18	10	143	0	1
688	539068820130831	37	71	2	37	16	189	0	2
688	688050920130907	34	133	3	45	29	301	1	4
688	748068820130914	48	236	3	35	28	359	4	0
688	718068820130921	45	205	3	26	19	200	4	0
688	147068820131005	48	323	2	29	12	74	0	4
688	688049020131012	40	362	3	21	10	74	0	2
688	688025520131019	26	75	0	29	13	133	0	2
688	749068820131102	45	183	1	31	19	169	1	0
688	688039220131109	45	242	2	24	15	140	0	1
688	688023420131116	50	143	0	28	15	104	0	1
688	545068820131123	39	148	1	28	18	159	1	0
688	67068820131130	51	210	2	43	29	270	2	1
688	688042820131227	46	208	3	29	19	188	0	0
690	690051320130831	29	134	1	47	23	228	0	0
690	288069020130907	39	100	2	39	20	200	0	2
690	236069020130914	49	245	3	26	14	140	1	1
690	690029520130928	29	161	2	47	23	249	1	0
690	367069020131005	28	48	0	26	13	207	1	1
690	690014020131011	31	176	1	25	12	200	2	1
690	725069020131019	44	158	2	16	10	203	2	1
690	690066320131026	36	217	2	38	27	376	5	0
690	690058720131102	33	119	1	31	21	203	2	2
690	128069020131116	24	136	1	45	26	382	4	1
690	164069020131123	33	92	2	46	26	280	1	1
690	690040420131130	47	206	0	32	20	328	4	1
694	43069420130831	52	315	3	21	15	132	3	0
694	772069420130907	45	240	4	19	11	142	1	1
694	694052920130914	38	178	1	29	15	138	1	0
694	694023520130921	23	66	0	34	14	154	1	4
694	646069420130928	37	278	2	36	20	204	2	3
694	257069420131005	41	189	2	31	17	215	1	0
694	648069420131019	41	146	1	36	19	179	1	0
694	694000820131026	28	127	1	28	13	195	0	2
694	694043420131102	24	94	0	42	26	240	0	2
694	37069420131109	43	226	1	25	16	128	0	1
694	736069420131123	45	184	1	20	11	53	0	3
694	694033420131130	43	218	2	23	14	199	2	1
697	574069720130831	39	202	3	27	20	284	4	0
697	624069720130907	39	214	4	48	34	500	4	1
697	8069720130914	32	164	1	39	28	464	5	2
697	663069720130921	48	265	4	35	19	316	1	1
697	697003120130928	44	262	3	30	23	261	2	0
697	697043320131012	45	241	5	39	31	346	0	1
697	37069720131019	40	133	1	42	30	469	4	2
697	736069720131026	32	182	2	46	33	376	5	1
697	704069720131102	30	234	4	30	21	330	4	0
697	430069720131109	33	91	2	39	30	446	5	3
697	697036520131123	18	75	0	41	16	224	1	2
697	697043420131130	35	184	2	35	24	195	1	0
697	193069720131231	30	159	2	38	30	382	4	0
698	365069820130831	26	114	2	28	15	145	0	1
698	655069820130907	38	169	3	28	17	233	2	0
698	698070020130912	44	207	1	38	23	194	0	2
698	663069820130928	36	107	2	26	15	228	2	0
698	698052220131005	27	44	2	26	16	166	0	0
698	328069820131012	41	207	2	22	14	173	1	2
698	698052120131019	36	126	1	37	18	199	0	3
698	703069820131026	24	45	0	39	17	201	1	1
698	768069820131102	29	60	0	58	40	394	3	2
698	698031120131109	38	123	3	36	20	245	0	2
698	698032720131116	31	99	2	34	24	249	2	1
698	51069820131130	33	122	2	47	21	288	3	3
700	700066320130830	27	48	1	60	43	413	4	0
700	676070020130907	37	237	4	47	32	494	4	2
700	698070020130912	26	43	0	45	24	293	2	3
700	670070020130921	33	118	0	63	33	434	2	3
700	700032820131005	43	114	4	57	36	404	2	1
700	311070020131012	45	251	3	56	35	415	3	1
700	700076820131019	31	111	2	50	36	462	2	0
700	700052220131026	25	72	1	54	34	388	3	2
700	521070020131102	26	124	1	71	45	425	2	2
700	327070020131109	32	105	2	64	47	354	1	2
700	700005120131116	34	134	0	54	29	320	5	1
700	700070320131128	28	94	1	52	31	302	1	1
700	28070020131230	34	81	0	41	28	403	4	0
703	472070320130831	42	359	4	30	22	356	4	2
703	703007720130907	39	132	1	44	24	313	2	0
703	433070320130914	37	124	1	36	24	196	1	0
703	327070320130921	47	227	3	34	19	225	1	0
703	703031120131003	29	119	3	45	26	244	1	0
703	522070320131012	60	255	0	22	13	190	2	1
703	703069820131026	52	187	2	19	9	228	1	2
703	328070320131102	44	221	4	32	21	197	0	2
703	703076820131109	41	152	2	49	27	283	3	1
703	521070320131116	43	151	1	43	29	238	0	3
703	700070320131128	61	281	3	20	11	182	2	0
703	703005120131207	35	163	0	34	12	54	1	2
703	529070320131230	44	180	1	23	9	56	0	2
704	473070420130907	46	280	4	20	15	119	1	0
704	704047220130914	56	293	5	28	18	253	1	1
704	706070420130921	29	99	0	31	17	119	0	0
704	704015620130928	47	132	1	43	26	365	5	0
704	366070420131005	45	203	1	33	18	237	3	1
704	719070420131012	47	222	0	30	12	166	1	2
704	704057420131026	55	248	0	12	7	116	1	1
704	704069720131102	44	127	1	17	9	71	0	3
704	704049720131109	42	56	0	20	14	128	1	1
704	231070420131116	53	327	3	7	3	80	1	0
704	704071820131123	33	49	0	27	16	183	0	1
704	704041920131130	36	177	2	24	14	122	0	0
706	706047320130831	33	157	1	34	21	237	2	0
706	521070620130907	32	135	1	50	30	369	4	2
706	706002920130914	29	102	1	47	30	277	0	1
706	706070420130921	35	181	3	24	18	204	1	0
706	288070620130928	29	128	2	49	36	365	2	4
706	706038820131005	29	97	1	34	14	157	0	3
706	574070620131012	49	264	3	31	17	170	0	0
706	9070620131026	42	248	4	25	18	275	2	0
706	706071920131102	39	286	1	20	16	114	1	0
706	718070620131109	29	132	1	25	10	183	0	0
706	706049720131123	31	184	3	49	30	274	0	1
706	366070620131130	49	191	2	24	19	284	1	2
709	709023520130831	16	50	0	38	17	155	0	1
709	709043420130907	23	125	1	41	26	262	1	3
709	207070920130914	51	325	3	26	16	205	1	0
709	709012920130921	43	252	3	23	16	166	1	0
709	709004720130928	29	141	1	46	34	274	1	1
709	774070920131005	39	360	4	32	14	168	1	0
709	726070920131019	46	321	4	20	11	105	1	1
709	709007120131026	41	242	1	23	15	130	3	0
709	204070920131102	53	334	4	29	20	395	3	0
709	86070920131112	50	323	4	20	11	228	2	0
709	503070920131120	46	184	0	30	17	235	2	3
709	709000520131129	45	230	1	33	16	158	3	1
716	9071620130831	39	178	3	33	30	319	1	0
716	632071620130907	40	251	2	32	28	280	6	0
716	716003020130912	37	110	2	58	36	504	3	3
716	716043020130921	26	47	0	31	17	139	1	1
716	716019320130928	41	150	2	50	37	362	2	1
716	646071620131005	38	129	0	34	24	305	4	0
716	716025420131012	59	249	2	43	25	385	3	2
716	716077220131026	30	91	3	33	20	306	1	1
716	498071620131031	31	144	2	55	32	367	2	0
716	716067120131107	39	192	1	45	26	277	2	0
716	716043320131116	22	-13	3	42	29	326	0	1
716	670071620131129	35	164	3	27	21	297	3	0
718	314071820130829	43	158	2	16	7	150	2	0
718	646071820130907	27	45	2	47	29	327	3	1
718	718036620130912	44	129	1	36	20	235	2	1
718	718068820130921	28	121	1	40	23	209	1	1
718	718049820130928	53	253	2	20	7	65	1	1
718	497071820131005	39	95	0	28	18	132	1	0
718	196071820131012	28	85	0	40	24	225	2	1
718	719071820131026	41	137	0	29	17	164	2	2
718	718022920131102	28	62	1	31	11	105	0	4
718	718070620131109	38	149	1	36	18	199	0	2
718	704071820131123	43	277	2	25	16	205	4	0
718	718057420131130	21	26	0	31	14	97	1	0
718	718067120131221	28	102	3	30	15	286	0	3
719	719007120130829	24	51	0	41	20	222	1	0
719	156071920130907	44	215	0	39	21	212	3	1
719	719052220130914	31	95	2	33	17	226	0	1
719	311071920130926	28	86	1	49	26	288	2	1
719	574071920131005	53	222	2	32	16	193	0	2
719	719070420131012	46	204	2	17	14	226	2	0
719	719071820131026	46	205	1	30	13	139	0	3
719	706071920131102	36	157	0	45	25	221	2	2
719	719019620131109	40	188	1	44	19	175	1	3
719	388071920131114	44	184	3	39	13	161	1	1
719	719036620131123	56	248	3	22	12	120	0	3
719	497071920131130	35	122	0	38	14	114	0	2
721	153072120130831	64	409	5	11	7	72	0	0
721	731072120130907	49	162	1	18	6	108	1	0
721	721006620130913	52	188	2	10	4	99	0	1
721	811072120130921	57	346	2	20	12	127	1	0
721	721046620130928	51	375	5	11	6	78	1	1
721	721072620131005	57	231	1	16	7	82	0	2
721	626072120131010	49	169	1	12	6	150	1	0
721	513072120131026	65	290	1	12	8	49	0	0
721	725072120131102	46	343	6	8	7	111	0	0
721	721047320131108	48	257	2	23	15	188	3	0
721	465072120131121	55	228	2	13	4	70	1	0
721	721015620131130	44	154	2	20	11	125	0	0
725	446072520130830	42	295	3	8	4	101	1	0
725	725004720130907	64	363	2	20	7	76	0	1
725	674072520130914	61	284	1	10	6	49	1	0
725	749072520130921	55	271	0	18	10	86	0	0
725	725036620130928	77	414	5	3	1	16	0	0
725	725006720131005	65	326	2	11	5	101	1	0
725	204072520131012	54	513	7	7	5	38	0	0
725	725069020131019	58	255	1	19	8	83	1	2
725	725072120131102	70	308	4	14	8	109	0	0
725	772072520131109	46	277	2	12	8	70	0	0
725	725027720131130	56	254	6	21	8	152	0	0
725	725072620131214	45	157	1	11	5	50	0	1
726	726030620130907	70	444	5	5	2	71	0	0
726	180072620130914	62	352	5	15	11	237	2	0
726	726077220130928	34	86	1	17	7	76	0	2
726	721072620131005	51	273	4	10	6	54	0	0
726	726019320131012	50	230	1	14	6	89	0	1
726	726070920131019	93	419	5	13	5	95	1	0
726	545072620131026	47	220	2	18	8	105	1	1
726	726051320131102	70	331	4	9	6	88	1	0
726	277072620131109	61	383	5	8	4	59	1	0
726	646072620131116	51	351	4	17	10	168	1	0
726	726063020131122	62	432	7	6	4	46	1	0
726	725072620131214	57	343	4	7	2	10	0	0
726	419072620131230	67	366	3	7	3	19	0	0
731	731073220130829	39	173	1	40	31	314	2	0
731	731072120130907	46	217	2	40	32	360	5	1
731	758073120130914	48	267	4	29	23	320	6	0
731	731065720130921	27	106	0	40	21	179	2	0
731	731063020130927	50	253	1	43	30	267	3	0
731	77073120131004	35	186	0	51	22	211	2	1
731	66073120131012	39	127	1	31	16	221	1	2
731	731047320131019	42	337	4	24	16	155	1	0
731	277073120131102	44	163	1	42	28	370	3	1
731	731046520131109	45	153	3	28	16	288	1	0
731	156073120131123	48	148	1	18	8	43	0	0
731	811073120131130	45	154	1	30	20	156	3	1
731	731009620131207	40	51	1	35	16	253	0	2
731	731050320131226	45	168	1	28	17	121	1	2
732	731073220130829	44	148	1	28	17	302	2	0
732	758073220130907	38	338	6	24	17	290	3	0
732	528073220130914	39	260	4	33	19	279	2	3
732	732007720130921	33	129	0	35	24	273	2	0
732	110073220131003	33	99	0	44	22	288	2	6
732	674073220131012	39	181	1	34	23	234	2	1
732	732002920131019	42	172	1	32	15	157	2	2
732	732065720131026	38	71	0	31	12	130	0	3
732	28073220131109	46	126	0	21	6	121	2	2
732	732052920131116	42	116	2	30	13	181	1	1
732	732075420131123	35	134	2	46	21	347	3	2
732	157073220131130	44	155	2	33	19	233	1	1
736	433073620130829	33	126	3	36	21	300	2	2
736	43073620130907	35	169	4	29	19	273	1	1
736	736064820130914	33	121	2	22	12	147	1	1
736	736040020130921	39	166	1	28	19	240	2	1
736	9073620130928	35	206	5	29	23	334	2	1
736	434073620131005	38	130	2	41	29	338	2	1
736	257073620131019	38	119	4	35	21	218	0	2
736	736069720131026	44	95	2	32	17	234	1	3
736	736023520131109	44	126	4	12	6	57	0	0
736	334073620131116	37	116	1	25	20	197	1	0
736	736069420131123	31	90	2	31	24	195	0	1
736	749073620131130	45	132	1	37	26	271	1	1
736	736028820140104	52	211	3	19	6	154	2	2
742	8074220130831	33	153	1	26	5	59	0	1
742	769074220130907	34	237	4	35	20	225	1	2
742	742019620130914	34	53	0	43	25	258	2	1
742	388074220130921	53	201	2	34	18	181	1	2
742	742025520130926	27	55	1	25	19	221	1	0
742	457074220131005	34	48	1	28	19	293	3	0
742	545074220131012	38	76	0	34	19	239	1	0
742	193074220131026	46	173	1	38	21	214	0	4
742	742006720131102	29	55	1	41	24	391	2	2
742	742041520131109	47	183	4	31	25	366	2	0
742	392074220131116	38	54	1	31	19	210	2	0
742	742074620131130	42	126	0	30	14	238	1	1
742	742011020131231	38	143	1	36	15	176	0	2
746	77074620130831	42	109	1	32	18	114	1	1
746	529074620130907	39	124	1	47	31	174	0	3
746	741074620130921	63	357	5	30	20	223	2	2
746	746054520130928	33	65	0	37	15	123	0	0
746	47074620131005	41	236	3	42	22	223	0	1
746	746039220131012	49	242	1	44	27	263	1	0
746	193074620131019	39	100	2	38	20	263	1	1
746	255074620131026	31	68	1	62	43	376	2	1
746	147074620131102	39	114	1	46	19	163	0	2
746	746045720131109	40	112	1	43	22	204	1	2
746	746041520131123	46	243	2	45	23	240	1	3
746	742074620131130	27	109	0	40	17	176	0	1
749	1320074920130829	54	189	2	26	14	219	1	0
749	749006720130906	39	55	0	30	18	191	1	1
749	498074920130914	15	15	0	48	28	310	2	0
749	749072520130921	45	228	2	17	6	132	1	1
749	749014720130928	31	60	0	30	19	162	1	1
749	490074920131005	32	114	1	39	24	268	3	1
749	392074920131019	24	47	2	38	28	260	2	0
749	749041520131026	25	59	1	46	25	302	2	1
749	749068820131102	18	40	0	54	22	173	0	1
749	234074920131109	40	103	0	25	7	63	0	6
749	193074920131123	40	124	1	27	12	124	1	1
749	749073620131130	24	111	2	34	16	155	0	1
754	754003720130831	23	120	2	65	35	344	1	3
754	754065720130907	22	7	0	38	26	215	0	2
754	667075420130914	17	54	0	48	35	410	5	1
754	295075420130921	15	71	2	43	31	346	4	2
754	674075420130928	13	51	0	65	39	322	2	2
754	754010720131005	21	49	2	67	41	521	3	1
754	528075420131012	22	113	2	55	29	270	1	4
754	754052920131019	12	2	0	89	58	557	4	4
754	28075420131031	11	2	1	54	29	300	2	1
754	754002920131116	27	101	1	53	39	319	2	1
754	732075420131123	18	90	0	62	39	488	4	0
754	754075620131129	23	44	0	59	32	282	2	2
754	754015620131221	19	-10	0	58	37	410	6	1
756	66075620130831	54	268	3	31	23	324	2	1
756	756030120130914	50	273	2	35	28	342	2	0
756	294075620130921	53	370	4	28	21	310	4	0
756	29075620130928	61	244	2	25	14	165	2	1
756	756067420131005	40	139	2	48	33	350	2	1
756	529075620131012	42	194	2	32	19	182	1	1
756	756002820131019	25	-5	1	40	16	217	2	0
756	107075620131026	44	262	3	34	21	380	2	0
756	157075620131109	51	316	4	29	22	312	2	0
756	756011020131115	36	102	1	40	25	330	3	2
756	756052820131123	58	530	7	24	15	162	1	0
756	754075620131129	53	224	2	20	15	181	1	1
756	77075620131227	43	190	2	27	18	129	1	1
768	786076820130831	44	172	2	27	19	237	1	0
768	768052220130907	24	169	1	41	21	218	0	1
768	254076820130914	42	245	2	41	25	359	3	1
768	768039220130921	25	113	0	22	11	62	0	2
768	521076820130928	39	68	1	51	25	320	1	2
768	768005120131005	34	118	1	41	17	276	3	1
768	700076820131019	39	183	2	43	27	254	1	0
768	768032720131026	29	103	1	41	19	264	0	1
768	768069820131102	36	148	1	41	25	267	2	2
768	703076820131109	47	109	4	36	18	290	1	2
768	768032820131116	32	144	1	42	23	242	2	2
768	311076820131130	36	212	2	38	21	356	2	2
772	334077220130831	41	216	4	34	27	271	1	0
772	772069420130907	34	171	1	36	17	222	1	5
772	772064620130914	27	145	0	47	27	282	3	3
772	446077220130921	44	375	7	24	17	213	0	2
772	726077220130928	43	219	2	31	25	198	0	1
772	772049820131003	40	160	2	36	24	370	2	1
772	671077220131015	38	133	1	29	23	338	1	2
772	716077220131026	41	133	2	48	31	399	0	0
772	772025420131102	46	203	4	29	18	241	2	1
772	772072520131109	40	135	1	24	16	199	2	1
772	772067020131123	46	321	5	32	20	152	0	0
772	30077220131130	28	151	2	37	21	255	3	0
774	774041620130830	27	11	0	48	18	193	2	3
774	483077420130907	44	231	3	43	24	254	0	2
774	774050920130914	31	143	0	41	16	202	2	1
774	774031220130921	20	74	0	38	16	135	0	3
774	331077420130928	32	151	1	23	11	159	1	2
774	774070920131005	40	87	1	32	19	288	1	2
774	86077420131012	26	38	0	34	16	164	0	2
774	47077420131019	26	164	0	34	19	204	1	1
774	774040020131026	35	118	0	37	23	275	4	0
774	774020420131109	38	120	1	40	24	348	1	1
774	129077420131116	35	164	2	36	14	147	0	1
774	774050320131126	35	93	2	32	15	163	0	0
796	400079620130831	44	393	4	18	10	205	2	1
796	692079620130907	51	387	4	29	24	219	3	1
796	796002820130914	32	231	2	31	16	210	1	0
796	559079620130921	48	388	5	21	12	158	0	1
796	796051820130928	27	104	1	34	20	295	2	1
796	509079620131012	51	286	2	28	17	241	3	2
796	796030120131019	46	289	6	21	16	189	2	0
796	796031220131102	45	218	2	19	11	144	2	1
796	77079620131109	45	229	2	32	23	196	1	1
796	306079620131116	50	554	6	15	7	122	0	0
796	796042820131123	45	197	1	26	16	127	1	1
796	539079620131130	30	120	0	55	29	339	3	3
796	796064820140101	43	293	0	26	16	117	2	3
811	811046320130831	30	219	1	44	29	383	4	2
811	295081120130907	39	262	2	39	23	302	4	1
811	502081120130914	42	173	2	47	30	264	1	1
811	811072120130921	44	249	4	41	35	373	4	0
811	811067020130928	29	64	2	48	25	292	1	1
811	473081120131012	46	285	4	33	19	247	1	0
811	156081120131019	34	165	2	37	22	251	1	2
811	811063020131026	43	332	3	34	22	267	3	1
811	96081120131109	31	156	0	33	19	140	1	1
811	811006620131116	31	55	0	41	28	210	1	2
811	277081120131123	50	295	1	48	29	498	7	0
811	811073120131130	29	28	0	29	16	162	1	1
2	2047220131026	24	146	1	49	33	428	3	1
6	6025520131123	30	47	0	31	14	205	1	1
7	7033420131102	38	149	1	28	12	148	1	0
17	17043020130907	25	28	0	25	11	135	1	1
27	27025720131109	32	32	0	39	22	221	0	1
43	43069420130831	27	79	0	26	13	132	0	2
43	43073620130907	34	85	0	16	11	54	0	0
43	43051920130921	38	155	0	26	13	143	0	0
48	48015720131019	45	148	0	14	7	48	1	1
61	61023120130914	52	311	4	11	6	38	0	1
61	61023420130921	56	182	1	17	8	60	0	1
90	90009620130907	49	172	2	27	15	244	1	0
90	90015620130914	41	203	1	20	11	164	1	0
102	102063020130829	39	86	0	40	23	192	0	2
102	102002820130905	31	51	0	23	12	116	0	2
108	108046620130907	25	118	0	27	13	178	1	2
141	141014720131123	57	176	0	5	1	-4	0	0
149	149064820131123	27	72	0	35	18	222	1	2
153	153072120130831	41	157	1	27	14	143	1	0
180	180072620130914	34	157	0	32	19	179	1	2
201	201062620130831	36	172	2	46	31	361	3	0
201	201050320130921	34	127	0	49	34	450	6	2
202	202036720130907	42	107	0	16	10	99	1	1
207	207052820130831	37	177	2	34	26	448	4	0
207	207070920130914	22	51	0	41	21	326	3	1
228	228051820130921	23	50	0	16	10	30	0	1
236	236069020130914	45	200	1	36	23	320	2	0
244	244036520131026	35	92	0	29	17	106	0	1
253	253023520131123	54	429	4	3	0	0	0	0
261	261049820130907	34	94	0	24	11	143	1	0
290	290020420130831	35	202	2	32	19	182	1	2
294	294075620130921	28	22	0	40	19	142	0	2
294	294007720131116	41	159	0	57	25	128	1	1
299	299004720130829	36	74	2	29	20	282	2	1
305	305030620130829	39	131	0	32	12	175	3	1
305	305055920130907	22	39	0	45	29	256	2	1
314	314071820130829	48	112	1	29	15	244	0	4
315	315025420130921	44	122	4	32	17	311	0	1
317	317000520130907	51	188	1	43	29	310	3	1
346	346036620130907	36	90	1	37	23	272	1	1
346	346052120130914	37	121	0	40	19	124	0	0
355	355033120130829	22	33	0	22	14	189	1	0
380	380040020130907	45	247	3	28	20	267	0	1
380	380050920130921	30	107	1	47	29	272	2	2
402	402065120130831	42	180	3	25	16	244	2	1
440	440066320130907	44	160	3	27	17	218	1	0
446	446072520130830	52	185	1	10	6	116	1	0
446	446077220130921	37	182	0	25	15	135	2	2
454	454043420130831	36	123	0	39	23	174	2	3
454	454007120130921	32	166	1	34	24	146	0	0
469	469012920130907	43	158	2	27	17	227	1	1
483	483052920130831	37	87	0	50	25	256	0	0
483	483077420130907	40	222	3	18	10	225	0	1
483	483067120130914	33	141	0	40	15	164	1	2
485	485058720130907	27	59	0	27	8	74	0	1
489	489019320130831	29	81	0	32	14	103	0	1
493	493032720130830	43	215	1	30	21	165	2	1
501	501002920130830	39	94	0	36	21	176	0	3
502	502081120130914	26	65	0	52	30	275	1	2
504	504031120130831	33	228	2	29	22	229	2	0
508	508014020130914	34	100	1	23	14	79	0	1
508	508000920130921	39	150	3	45	23	194	1	1
523	523019620130831	23	90	2	52	39	370	3	0
523	523039220130907	38	165	1	39	21	170	0	3
523	523054520131019	20	93	1	53	31	312	2	1
523	523029520131109	30	88	4	56	40	533	4	1
523	523045720131123	38	225	1	34	15	146	1	0
550	550010720130907	39	245	3	29	13	308	1	1
553	553067020130907	25	45	0	42	26	182	0	0
575	575049020130907	26	16	1	45	29	300	2	0
624	624069720130907	42	240	2	16	7	150	2	2
625	625025420130830	36	105	1	31	19	193	1	1
625	625003120130907	24	112	1	29	20	119	2	0
632	632071620130907	24	14	0	25	12	133	0	1
632	632041520130921	26	139	1	25	8	44	0	4
647	647014720130907	46	86	0	22	10	155	2	2
649	649046320130921	38	227	2	29	19	238	0	2
650	650032820130907	43	219	1	18	8	67	1	1
654	654043320130907	41	93	0	24	16	159	2	1
655	655069820130907	45	207	1	23	12	132	1	2
659	659030120130831	26	66	1	41	26	341	3	0
665	665028820130830	30	104	0	36	27	268	2	1
667	667064620130829	40	134	1	24	13	183	1	0
667	667075420130914	34	73	1	30	22	146	0	3
669	669031220130907	23	70	0	30	14	127	1	1
676	676070020130907	32	69	0	44	26	287	2	1
683	683008620130914	45	140	0	48	25	300	2	2
692	692079620130907	30	44	0	19	8	69	0	1
693	693025420130907	60	401	4	15	11	108	2	0
693	693000820131123	35	93	0	15	10	82	0	1
695	695006620130907	49	152	1	35	21	210	1	4
695	695040420131109	42	164	0	19	8	122	0	1
711	711016420130829	50	201	4	20	13	192	1	1
739	739006720130831	36	197	1	26	16	158	1	3
741	741074620130921	25	41	0	31	9	38	0	0
748	748068820130914	31	53	0	21	6	34	0	2
758	758073220130907	43	69	1	25	13	136	0	0
758	758073120130914	33	104	0	23	12	34	0	0
769	769041920130829	35	114	1	36	19	257	2	2
769	769074220130907	40	111	0	14	4	51	0	3
769	769003720131012	31	66	0	17	6	107	0	1
771	771042820130914	30	68	0	23	11	162	2	0
771	771046520130921	41	197	0	33	13	141	1	2
786	786076820130831	31	102	1	27	18	207	1	1
817	817041620130914	20	51	1	27	11	121	1	0
1004	1004015720130907	26	60	1	55	33	280	2	3
1068	1068025520130831	34	89	0	35	20	164	0	3
1092	1092038820130907	44	67	0	20	9	117	0	3
1320	1320074920130829	24	102	0	19	11	49	1	3
2678	2678003020130831	31	12	0	27	13	161	0	0
2915	2915005120130831	60	173	0	17	8	60	0	1
